,Model,Adversarial,Augmentation,Intensity,Accuracy,Confidence
0,U,False,"tensor(0.9375, device='cuda:0')",0.01,"tensor(0.9375, device='cuda:0')","tensor([10.3308, 10.2364, 11.6672,  1.8100,  4.4703,  6.3143,  9.8723,  8.1992,
         7.5018,  0.9950, 17.4382,  9.6263,  9.7059, 10.8479,  4.2309,  8.5642,
         1.3945,  1.7084,  2.1007, 10.9820, 10.4683, 15.0783,  0.3926,  0.8748,
         2.5390,  2.3959,  6.3383,  7.3960,  9.6288,  8.3513,  0.3303,  9.2257],
       device='cuda:0')"
1,U,True,"tensor(1., device='cuda:0')",<module 'augmentations' from '/home/dhananjay/Desktop/QuickDefence/augmentations.py'>,0.01,"tensor([20.4949, 21.5187, 23.5372, 24.5459, 18.4534, 16.1807, 20.0450, 19.8662,
        19.6681, 26.3840, 18.2613, 16.7816, 19.9122, 19.1765, 22.8633, 25.3077,
        26.8512, 24.3408, 20.0259, 14.7010, 17.5266, 15.2766, 16.9118, 25.3981,
        18.8260, 16.1231,  6.4661, 25.6404, 22.8103, 21.0043, 25.7475, 15.4710],
       device='cuda:0')"
2,U,False,"tensor(0.9375, device='cuda:0')",0.1,"tensor(0.9375, device='cuda:0')","tensor([ 7.6364, 10.5992,  9.7521,  4.3030,  7.4447,  3.8576,  9.2811,  4.8595,
         9.8064,  3.9667,  6.2005,  8.9915,  9.6424,  1.3734, 12.1337,  6.0390,
        13.2966,  0.9688,  0.5002,  6.6176,  9.2226,  3.5458, 13.5051,  3.8417,
         6.1635,  9.5714,  3.8586,  2.3706,  9.9542,  0.6693,  1.0371,  0.9726],
       device='cuda:0')"
3,U,True,"tensor(1., device='cuda:0')",<module 'augmentations' from '/home/dhananjay/Desktop/QuickDefence/augmentations.py'>,0.1,"tensor([19.6181, 20.4067, 21.1414, 21.1642, 15.7411, 21.1181, 21.4115, 19.8492,
        10.1676, 15.5466, 27.3873, 17.8167, 16.6210, 27.8861, 21.1469, 21.1869,
        20.7988, 20.2836, 23.1817, 15.3852, 18.6071, 19.4441, 18.2744, 18.3943,
        21.2869, 22.9297, 30.0566, 17.5393, 25.3921, 23.1952, 19.8754, 16.2742],
       device='cuda:0')"
4,U,False,"tensor(0.8750, device='cuda:0')",0.5,"tensor(0.8750, device='cuda:0')","tensor([10.6557,  0.1351,  5.8209,  6.6466,  6.5979,  6.5666, 12.1669, 12.2629,
        12.8006,  6.4500,  1.3366, 11.8164,  5.8481,  8.7031, 11.0739,  4.4794,
         0.0304,  5.9343,  2.6198,  6.2730, 12.3113,  6.2072,  7.2784,  4.0625,
         0.4287,  4.3041,  6.4315, 12.3296,  8.8381,  6.6920,  0.4551,  1.0466],
       device='cuda:0')"
5,U,True,"tensor(1., device='cuda:0')",<module 'augmentations' from '/home/dhananjay/Desktop/QuickDefence/augmentations.py'>,0.5,"tensor([14.1489, 23.6169, 19.9937, 28.3954, 22.2674, 24.6140, 16.7641, 20.1097,
        24.7641, 17.4986, 24.0408, 17.0766, 22.9929,  9.2257, 22.4170, 20.8279,
        23.3782, 19.2326, 22.5540, 18.8716, 18.9382, 20.4668, 20.0613, 18.8133,
        23.3139, 17.9845, 18.3363, 15.5639, 22.0509, 19.4523, 25.5212, 21.0730],
       device='cuda:0')"
6,U,False,"tensor(0.9375, device='cuda:0')",1,"tensor(0.9375, device='cuda:0')","tensor([ 0.8905,  4.9280,  8.6401,  9.9369,  5.3585,  4.0580,  6.6272,  4.7329,
         4.7552,  6.7999, 11.6143, 12.4163,  5.4126,  8.7229,  5.1134,  6.4770,
        12.5627, 10.0514,  4.9034, 10.0374,  4.5945,  6.2299,  0.9054,  4.1516,
         9.6630, 11.5528, 10.5344,  9.1901,  9.7925,  8.8996, 11.0074, 13.2036],
       device='cuda:0')"
7,U,True,"tensor(1., device='cuda:0')",<module 'augmentations' from '/home/dhananjay/Desktop/QuickDefence/augmentations.py'>,1,"tensor([25.2959, 17.8102, 19.2093, 13.6007, 22.3008, 25.8363, 22.3506, 16.1053,
        28.2065, 26.7073, 19.3202, 18.6423, 18.1870, 22.9664, 18.9909, 22.1287,
        17.2259, 10.3582, 17.8656, 11.3407, 17.2058, 23.5799, 20.7081, 20.8411,
        20.4929, 16.7947, 11.9720, 18.6173, 19.8851, 17.9845, 23.5549, 10.9917],
       device='cuda:0')"
8,U,False,"tensor(0.9062, device='cuda:0')",2,"tensor(0.9062, device='cuda:0')","tensor([ 6.9480, 10.4937,  8.0141,  6.0119,  5.1872,  7.2170,  5.4609, 10.1127,
         7.1894,  7.2591,  6.2368,  8.9556, 11.5721, 11.3737,  6.5880,  7.0447,
         9.1690,  3.4639, 11.9103,  0.7461, 10.4743,  7.9975,  3.6530,  1.8610,
         6.4470,  2.7080,  1.2980, 10.0328,  4.8003,  7.2120,  7.4967,  5.1281],
       device='cuda:0')"
9,U,True,"tensor(1., device='cuda:0')",<module 'augmentations' from '/home/dhananjay/Desktop/QuickDefence/augmentations.py'>,2,"tensor([18.7397, 15.3244, 21.1885,  9.8305, 14.4142, 18.9548, 21.5123, 11.2992,
        13.6988, 12.8348, 13.0944, 15.4812, 14.3421, 13.9043, 14.0003, 19.3255,
        11.0822, 20.1484, 17.9465, 17.3081, 19.0417, 17.5909, 15.3076, 20.8490,
        15.9251, 14.9362, 16.2484,  5.7250, 18.6159, 12.2300, 15.0892, 13.3665],
       device='cuda:0')"
10,U,False,"tensor(0.5000, device='cuda:0')",5,"tensor(0.5000, device='cuda:0')","tensor([ 6.2548,  0.4719,  8.5067,  1.5192,  5.2580,  1.3066,  5.7544,  8.4583,
         2.4077,  4.1164,  3.0046,  0.3052,  1.9333,  0.1279,  0.5147,  7.1141,
         8.9131,  0.5700,  3.9818,  8.9901,  0.8717,  3.4427,  1.3539,  6.7556,
         3.8553, 11.2795,  1.0622,  0.7563,  2.9894,  1.7976,  3.3498,  0.8649],
       device='cuda:0')"
11,U,True,"tensor(0.7812, device='cuda:0')",<module 'augmentations' from '/home/dhananjay/Desktop/QuickDefence/augmentations.py'>,5,"tensor([ 5.9540,  8.3866,  9.8357,  7.0964, 11.8163,  7.5639,  2.9815,  1.7204,
         4.4137,  6.5037,  4.8348,  8.8887,  8.2694,  3.6808,  0.0743,  0.7390,
         8.3220,  2.4314,  6.7013,  7.9435,  2.2602, 11.5469, 15.0653,  2.0075,
        11.4950,  2.3297,  4.4765,  2.5891,  2.2221,  9.4327, 10.0652,  3.0447],
       device='cuda:0')"
12,U,False,"tensor(0.2500, device='cuda:0')",10,"tensor(0.2500, device='cuda:0')","tensor([2.5823e-01, 1.5526e+00, 4.2157e+00, 1.5455e+00, 3.6557e-03, 5.3399e-02,
        3.1751e+00, 3.7301e+00, 4.2562e+00, 2.5078e-02, 5.5149e-01, 2.3036e+00,
        1.8542e+00, 6.2273e+00, 8.1438e+00, 1.1028e+00, 6.8812e-01, 7.8121e+00,
        1.8818e+00, 4.5463e+00, 5.4231e-01, 4.0953e+00, 5.7446e+00, 5.2640e+00,
        2.1474e+00, 1.5485e+00, 3.2919e+00, 8.0562e-01, 4.5035e-01, 4.1659e-01,
        7.3459e-01, 5.0132e+00], device='cuda:0')"
13,U,True,"tensor(0.2812, device='cuda:0')",<module 'augmentations' from '/home/dhananjay/Desktop/QuickDefence/augmentations.py'>,10,"tensor([0.4805, 1.4643, 4.6701, 1.4191, 0.4443, 0.5160, 0.2763, 6.8214, 6.2621,
        1.0931, 1.0125, 0.9201, 3.2614, 4.9909, 8.1450, 1.7742, 0.5444, 4.2254,
        0.6614, 4.2411, 0.2401, 4.8351, 5.5916, 4.1736, 3.7641, 0.7142, 3.9363,
        0.7731, 1.4190, 0.2074, 0.6233, 5.9886], device='cuda:0')"
14,U,False,"tensor(0.1562, device='cuda:0')",15,"tensor(0.1562, device='cuda:0')","tensor([0.7067, 2.5634, 0.9317, 0.2132, 1.3037, 3.2657, 4.1328, 5.2367, 1.5315,
        0.9313, 0.3469, 5.8162, 1.7661, 1.5296, 0.3788, 0.1079, 0.6876, 3.8601,
        2.6520, 0.3045, 0.9660, 1.2916, 4.2342, 1.9812, 0.1493, 2.4966, 3.5646,
        2.2915, 2.2851, 2.4391, 0.0623, 1.2502], device='cuda:0')"
15,U,True,"tensor(0.2500, device='cuda:0')",<module 'augmentations' from '/home/dhananjay/Desktop/QuickDefence/augmentations.py'>,15,"tensor([0.7454, 3.3444, 0.4258, 1.2662, 1.3023, 3.6483, 3.9298, 2.9829, 1.3068,
        0.8157, 0.3957, 4.9065, 1.8451, 2.1222, 0.2791, 0.1838, 0.4460, 3.5538,
        2.8463, 0.3880, 0.6011, 1.2061, 3.8406, 1.2852, 0.4657, 2.7166, 3.3699,
        0.0669, 2.6154, 2.7323, 0.3028, 1.3800], device='cuda:0')"
16,U,False,"tensor(0.0625, device='cuda:0')",20,"tensor(0.0625, device='cuda:0')","tensor([1.3940, 1.0922, 0.4702, 0.2571, 0.2395, 1.5944, 0.7383, 0.9340, 0.0091,
        1.9049, 0.4089, 0.8676, 1.4142, 2.2830, 0.2161, 1.1213, 0.3181, 0.1289,
        0.1010, 0.6080, 0.5226, 1.1757, 1.1898, 2.4077, 0.3181, 3.3918, 0.9864,
        1.5052, 0.6405, 0.9474, 0.7893, 1.9996], device='cuda:0')"
17,U,True,"tensor(0.1875, device='cuda:0')",<module 'augmentations' from '/home/dhananjay/Desktop/QuickDefence/augmentations.py'>,20,"tensor([1.7812, 0.0959, 0.0934, 0.2363, 0.4366, 1.3187, 1.3989, 1.1852, 0.0681,
        1.2813, 0.0825, 1.6749, 1.2972, 1.4020, 0.2651, 1.3086, 0.3758, 0.1130,
        0.0306, 0.6882, 0.2671, 0.0327, 0.9129, 2.0382, 0.7611, 3.4666, 0.0641,
        0.4171, 1.6418, 0.7250, 0.7932, 2.1875], device='cuda:0')"
18,U,False,"tensor(0.1250, device='cuda:0')",25,"tensor(0.1250, device='cuda:0')","tensor([0.3018, 0.6809, 0.9969, 0.9539, 1.0370, 2.1305, 1.1913, 1.9928, 1.9057,
        0.4822, 1.2484, 0.2054, 0.6539, 0.0600, 0.7763, 1.8104, 1.9008, 1.2025,
        0.1763, 0.9126, 0.5408, 1.0056, 0.6492, 0.5539, 0.7128, 0.0128, 0.2516,
        1.4826, 0.9587, 1.7938, 0.9891, 0.0245], device='cuda:0')"
19,U,True,"tensor(0.0625, device='cuda:0')",<module 'augmentations' from '/home/dhananjay/Desktop/QuickDefence/augmentations.py'>,25,"tensor([0.5680, 1.1855, 0.6777, 1.5946, 0.9165, 0.8565, 0.9452, 1.6885, 1.5537,
        0.2102, 1.4364, 0.3176, 1.3869, 0.1404, 1.0759, 1.2433, 1.3774, 1.4999,
        0.5768, 0.6038, 0.7173, 1.3739, 1.1214, 0.4114, 0.9461, 1.1885, 0.2369,
        2.1786, 1.3586, 1.4810, 1.4834, 0.2823], device='cuda:0')"
20,U,False,"tensor(0.9375, device='cuda:0')",5,"tensor(0.9375, device='cuda:0')","tensor([ 9.5915,  0.1562,  7.4786,  2.8767,  3.5763,  5.7188,  8.6812,  3.4024,
         7.7659,  8.1351,  5.8278,  6.7641,  9.0058,  4.5963,  6.4227,  3.3693,
        12.6400,  0.1048,  7.0205,  6.9910,  8.8929,  6.6488,  5.9577,  9.4078,
        10.9043,  7.8655,  9.2694,  3.8985,  0.6872,  3.6689,  3.0199, 11.3392],
       device='cuda:0')"
21,U,True,"tensor(1., device='cuda:0')",<module 'augmentations' from '/home/dhananjay/Desktop/QuickDefence/augmentations.py'>,5,"tensor([ 8.9598, 17.8765, 10.3465, 16.7799, 13.4810, 21.2951, 14.7182, 15.0266,
        14.3509, 14.4163, 15.4302, 19.8283, 17.6563, 17.8084, 10.1158,  9.9159,
        12.7211, 18.6929, 16.7075,  9.1557, 18.1807,  9.5256, 16.4218, 16.2646,
        14.4023, 11.9810, 10.9048, 19.2547, 16.2926, 17.8794, 10.1270, 15.9658],
       device='cuda:0')"
22,U,False,"tensor(0.8125, device='cuda:0')",10,"tensor(0.8125, device='cuda:0')","tensor([ 3.9657,  0.1807,  8.2701,  8.4470,  3.6427,  8.4909, 11.2000,  9.2634,
         8.7237,  3.0694,  3.7262,  0.9003,  3.7655,  3.4195,  8.8009,  3.9545,
        11.3118,  4.1985, 10.7273, 11.6442,  2.9888,  6.1370,  6.2464,  6.8965,
        14.3012, 11.3493,  9.1845,  3.7928,  0.4944,  0.6641,  6.1183,  1.7322],
       device='cuda:0')"
23,U,True,"tensor(0.9688, device='cuda:0')",<module 'augmentations' from '/home/dhananjay/Desktop/QuickDefence/augmentations.py'>,10,"tensor([12.6652,  9.6808, 12.4167, 14.7947, 14.4149,  4.9595,  2.9422, 12.9555,
         8.4076, 11.2659, 13.0092,  9.1054, 10.6618, 13.5544,  2.9331, 14.6940,
        12.1477,  9.4711, 11.9699,  5.9767, 13.5989, 16.6851,  0.7958, 12.5627,
         1.1613,  6.5088,  1.5726, 14.4305,  9.9098,  9.6792, 12.4910, 16.1551],
       device='cuda:0')"
24,U,False,"tensor(0.9062, device='cuda:0')",15,"tensor(0.9062, device='cuda:0')","tensor([8.2572e+00, 4.1461e+00, 5.9569e+00, 3.2339e+00, 9.8766e+00, 1.0030e+01,
        9.0713e+00, 4.6638e+00, 6.6781e+00, 4.1660e+00, 5.4133e-01, 9.4325e+00,
        1.2216e-02, 1.0474e+01, 5.8884e+00, 7.1035e+00, 7.7631e+00, 9.7238e-02,
        5.7403e-02, 7.6917e+00, 5.2377e+00, 8.8696e+00, 3.0737e+00, 6.0484e-01,
        8.0061e+00, 9.5916e+00, 9.2126e+00, 5.3042e+00, 1.0071e+01, 7.6418e+00,
        1.2950e+01, 7.8221e+00], device='cuda:0')"
25,U,True,"tensor(0.9688, device='cuda:0')",<module 'augmentations' from '/home/dhananjay/Desktop/QuickDefence/augmentations.py'>,15,"tensor([ 5.0129, 12.4725, 11.0380, 11.4154, 14.3038,  2.0093,  3.7893, 13.2420,
         8.2124,  9.3493,  4.6755,  9.9681,  8.7495,  7.6924, 13.6451,  6.1517,
         1.4664,  5.1084,  3.3184,  3.8884,  5.4918,  5.4762, 14.6049, 11.2055,
         1.4997, 12.4962,  5.7865,  4.1226, 11.6671,  9.3977,  8.6123,  4.5724],
       device='cuda:0')"
26,U,False,"tensor(0.8125, device='cuda:0')",20,"tensor(0.8125, device='cuda:0')","tensor([ 2.8189,  3.4081,  4.7868,  2.7545,  5.2416,  0.4071,  3.5467,  9.4615,
         9.0300,  6.8899,  8.4756,  2.8035,  7.1760,  1.6315, 11.8177,  4.6283,
         5.0124, 11.4937,  2.8621,  0.7825,  6.8586, 10.2891,  3.8567,  9.8986,
        11.1303,  9.5774,  8.1710,  4.7391,  2.6196,  7.0120,  0.3284,  3.0614],
       device='cuda:0')"
27,U,True,"tensor(0.8125, device='cuda:0')",<module 'augmentations' from '/home/dhananjay/Desktop/QuickDefence/augmentations.py'>,20,"tensor([12.0191,  3.5119,  3.8594,  3.4324,  5.8488, 12.8943, 13.3802,  3.7770,
         1.9419,  7.9787,  5.4663,  6.7813,  8.6924,  1.3307,  1.5724,  3.2957,
         6.1306,  7.1254,  8.5327,  2.2696,  9.8415,  2.6700,  6.1801,  6.2660,
         0.4788,  3.8450,  3.5387,  5.5483, 12.6676,  1.2145,  8.5336, 10.9506],
       device='cuda:0')"
28,U,False,"tensor(0.7500, device='cuda:0')",35,"tensor(0.7500, device='cuda:0')","tensor([ 0.4442,  1.8482,  0.2389,  4.9453,  5.7652,  0.4112,  0.3074,  3.1370,
         3.9934,  1.7897,  1.8359,  4.9900,  7.5228,  4.2485,  0.7487, 10.3021,
         2.9108,  3.3799,  1.9117,  3.5650,  5.7197,  2.8058,  2.5194,  2.9473,
         0.7723,  7.1249,  8.1473,  2.4976,  9.3213,  5.8857,  4.7953,  1.3186],
       device='cuda:0')"
29,U,True,"tensor(0.7188, device='cuda:0')",<module 'augmentations' from '/home/dhananjay/Desktop/QuickDefence/augmentations.py'>,35,"tensor([10.1470,  5.7929,  9.0116,  3.9692,  3.7651,  2.1035,  5.1429,  2.1320,
         2.8090, 10.7331,  5.3849,  9.1711,  4.7658,  5.2499,  6.5186,  6.4516,
        10.3566,  5.0616,  7.8849,  0.3853,  0.1656,  6.4188,  1.2372,  7.9788,
         2.4761,  5.8986,  1.3413, 10.4318,  2.6585,  1.8470,  1.5776,  4.2447],
       device='cuda:0')"
30,U,False,"tensor(0.7500, device='cuda:0')",45,"tensor(0.7500, device='cuda:0')","tensor([ 5.9283,  2.7177,  7.0844,  8.0990,  2.2875, 10.1084,  7.8502,  0.3365,
         7.1727,  6.7685,  1.7158,  0.4553,  2.8491,  1.8124,  4.9273,  9.1845,
         4.5137,  1.6192,  3.0818,  7.1845,  1.3770,  4.5559,  3.1536,  0.0170,
         4.3917,  1.0788, 10.6186,  4.8415,  2.3359,  0.4862,  4.7568,  2.5992],
       device='cuda:0')"
31,U,True,"tensor(0.6562, device='cuda:0')",<module 'augmentations' from '/home/dhananjay/Desktop/QuickDefence/augmentations.py'>,45,"tensor([ 0.0927,  7.7426,  4.3237,  1.5671,  0.1272,  4.0838, 10.5227,  6.7925,
         1.1739,  3.2364,  8.6327,  6.9467,  8.0361,  4.0891,  4.0365,  5.0660,
         5.5829,  6.4185,  5.4766,  3.1622, 10.1786,  1.2049,  0.6752,  3.9161,
         0.7543,  1.5562,  9.0879,  1.6080,  9.1647,  4.5147,  0.8200,  6.8099],
       device='cuda:0')"
32,U,False,"tensor(0.7500, device='cuda:0')",55,"tensor(0.7500, device='cuda:0')","tensor([2.9916, 5.2703, 2.9352, 2.1783, 3.2247, 7.1219, 5.8251, 1.9328, 4.2680,
        3.5467, 5.3365, 1.0744, 2.1017, 3.8757, 7.8467, 5.8771, 1.7370, 1.2409,
        0.9566, 1.4170, 1.8652, 2.8492, 9.2523, 1.9612, 4.3504, 7.3155, 1.4399,
        5.3881, 3.9484, 5.1284, 0.5089, 1.2239], device='cuda:0')"
33,U,True,"tensor(0.7188, device='cuda:0')",<module 'augmentations' from '/home/dhananjay/Desktop/QuickDefence/augmentations.py'>,55,"tensor([3.8386e+00, 3.0751e+00, 4.1265e+00, 2.6663e+00, 4.3624e+00, 3.6423e+00,
        2.6889e+00, 5.9056e-04, 2.6523e+00, 1.8706e+00, 4.0485e+00, 8.9223e-01,
        4.4144e+00, 6.4558e+00, 1.3253e+00, 1.9273e+00, 8.1612e-01, 7.3758e-01,
        2.6047e+00, 1.6356e+00, 7.0460e+00, 6.5681e-02, 5.3225e-02, 4.9016e+00,
        6.5731e+00, 5.3128e+00, 5.7952e+00, 6.1065e+00, 1.7134e+00, 3.5241e-02,
        1.7982e+00, 4.6708e+00], device='cuda:0')"
34,U,False,"tensor(0.5312, device='cuda:0')",65,"tensor(0.5312, device='cuda:0')","tensor([ 5.5768,  2.3062,  4.9194,  0.4378,  5.4538,  7.4184,  7.0111,  4.8857,
         0.7719,  1.9721,  0.4098,  1.8256,  0.7829,  5.7807,  5.4525,  2.5785,
         0.1740,  1.9528,  0.8807,  3.9653,  0.1545,  3.3823,  2.5567,  2.9410,
         0.8155, 10.2652,  0.7803,  1.7527,  0.0627,  0.1019,  0.0570,  1.6104],
       device='cuda:0')"
35,U,True,"tensor(0.6875, device='cuda:0')",<module 'augmentations' from '/home/dhananjay/Desktop/QuickDefence/augmentations.py'>,65,"tensor([3.1342, 7.7422, 1.2968, 0.5662, 2.0454, 3.3096, 0.8891, 3.6827, 1.4509,
        0.3872, 7.6767, 0.9782, 5.9335, 9.2769, 6.4536, 0.5838, 0.4782, 1.0504,
        8.2491, 0.8674, 3.1915, 0.6550, 0.8786, 1.0514, 7.0747, 2.2193, 3.4849,
        3.6518, 1.1627, 4.9590, 2.7053, 1.9509], device='cuda:0')"
36,U,False,"tensor(0.6562, device='cuda:0')",75,"tensor(0.6562, device='cuda:0')","tensor([1.0727, 1.9641, 0.7174, 1.2144, 4.4780, 1.4893, 8.4576, 6.1110, 0.3761,
        5.2132, 3.1540, 1.8543, 0.9983, 6.0688, 5.4450, 5.1502, 2.0213, 4.9709,
        5.7420, 4.0182, 2.3659, 0.9234, 0.3228, 2.5091, 0.8062, 2.7066, 0.7673,
        2.9106, 4.9452, 0.8746, 0.1651, 3.0423], device='cuda:0')"
37,U,True,"tensor(0.6875, device='cuda:0')",<module 'augmentations' from '/home/dhananjay/Desktop/QuickDefence/augmentations.py'>,75,"tensor([6.1525, 0.0168, 4.8961, 3.4023, 0.2843, 4.8858, 3.0330, 1.7613, 0.1431,
        1.1722, 0.1275, 8.0719, 0.1514, 1.5232, 1.3503, 5.1130, 3.0296, 0.7907,
        1.4126, 4.2342, 8.5620, 2.9897, 4.3955, 0.9341, 1.0381, 2.6630, 6.0258,
        3.7042, 3.1679, 0.7277, 7.3701, 6.4537], device='cuda:0')"
38,U,False,"tensor(0.6250, device='cuda:0')",90,"tensor(0.6250, device='cuda:0')","tensor([6.8336, 1.8417, 0.1940, 0.0890, 5.5526, 2.1105, 0.6707, 3.7132, 0.5082,
        0.2137, 9.5966, 4.0153, 4.3632, 3.0708, 0.5273, 6.3783, 1.4137, 5.4198,
        6.6148, 1.1987, 0.7529, 6.7321, 1.4775, 0.3728, 2.6954, 3.4619, 9.6322,
        7.3173, 0.6561, 5.3951, 3.3730, 2.1449], device='cuda:0')"
39,U,True,"tensor(0.5312, device='cuda:0')",<module 'augmentations' from '/home/dhananjay/Desktop/QuickDefence/augmentations.py'>,90,"tensor([5.1766, 7.9266, 4.4243, 1.5344, 1.1827, 0.1836, 1.3400, 8.2012, 1.4652,
        1.6503, 6.9524, 1.5902, 2.9901, 0.7918, 0.7204, 0.3294, 2.3133, 7.3357,
        4.5562, 2.1131, 1.7500, 6.3117, 2.9062, 4.3067, 0.1261, 1.4860, 6.6169,
        1.6115, 3.7098, 0.6622, 1.8637, 3.2141], device='cuda:0')"
40,U,False,"tensor(0.8438, device='cuda:0')",0.01,"tensor(0.8438, device='cuda:0')","tensor([11.3785,  4.5718,  7.3940,  1.8254, 10.2496, 13.9416,  0.3248, 10.0881,
         8.8156,  9.5817,  1.9924,  4.3707,  3.1447, 11.3961,  3.8625,  8.9758,
        12.3479,  6.5833,  5.2809,  8.9710,  0.4333,  8.4943, 11.6786,  8.2439,
         4.8867,  9.4762,  9.5161,  5.3198,  5.4702,  3.5927,  8.3758,  1.3150],
       device='cuda:0')"
41,U,True,"tensor(1., device='cuda:0')",<module 'augmentations' from '/home/dhananjay/Desktop/QuickDefence/augmentations.py'>,0.01,"tensor([11.3342, 14.5408, 22.3542, 19.4902, 19.5764, 15.7936, 21.9634, 16.1134,
        17.7513, 18.7006, 11.5334,  9.7951, 17.5663, 17.8281,  8.1813,  8.7590,
        14.8550, 16.4286, 11.4473, 18.2297, 21.1996,  4.7183, 14.2193, 17.1242,
         9.3267,  7.4895, 22.2907, 10.1294, 16.0346, 19.1784, 14.4563, 14.1179],
       device='cuda:0')"
42,U,False,"tensor(0.9062, device='cuda:0')",0.05,"tensor(0.9062, device='cuda:0')","tensor([11.3230,  5.1797,  1.9222,  0.4538,  8.4460,  9.1355,  7.6135,  9.4376,
         6.7150,  5.5619,  8.0777,  7.1323, 10.9181, 12.7804,  7.6476,  7.3319,
         7.5460,  1.3813,  7.9154, 10.1047,  7.1050,  1.0661,  6.2443,  8.1619,
         8.7797,  9.4326,  3.1982,  4.4024,  0.1345, 10.3730,  7.8143,  6.1730],
       device='cuda:0')"
43,U,True,"tensor(0.8750, device='cuda:0')",<module 'augmentations' from '/home/dhananjay/Desktop/QuickDefence/augmentations.py'>,0.05,"tensor([11.4347,  7.7359,  8.7475,  6.5571,  5.8650,  4.6134,  5.9059,  4.4424,
        13.2981,  2.8096,  9.0235,  3.6633,  4.0160,  3.8136,  4.2829,  9.7580,
         7.5486,  9.5043,  4.0392,  3.6721,  8.2983,  5.4464,  4.5783,  9.8290,
         3.2027,  3.2530,  0.4006,  4.7905,  8.2626,  0.7884, 14.4715, 10.9359],
       device='cuda:0')"
44,U,False,"tensor(0.8438, device='cuda:0')",0.1,"tensor(0.8438, device='cuda:0')","tensor([ 5.6929,  4.4519,  4.9220, 10.8101,  6.8021,  1.1203,  7.7711,  0.7283,
         8.4457,  1.4614,  6.3782,  6.5207,  4.5062,  8.1124,  7.6489,  9.0957,
         4.5676,  8.6576,  0.2261,  0.2049, 10.1388,  4.6420,  1.0164,  3.7353,
         0.2734, 10.1185,  6.6608,  4.0023,  1.9374,  3.8003,  0.0494,  0.6113],
       device='cuda:0')"
45,U,True,"tensor(0.8125, device='cuda:0')",<module 'augmentations' from '/home/dhananjay/Desktop/QuickDefence/augmentations.py'>,0.1,"tensor([0.9338, 0.0405, 2.6027, 7.7143, 3.6097, 4.9409, 4.2441, 2.9574, 0.1455,
        7.3868, 0.5719, 2.1935, 5.1557, 0.5149, 2.9502, 1.6344, 4.0747, 6.3543,
        4.2104, 2.3480, 0.6347, 1.6412, 6.2933, 9.7130, 4.0953, 2.3709, 0.7259,
        4.0101, 6.0484, 4.7785, 9.0802, 5.0998], device='cuda:0')"
46,U,False,"tensor(0.5938, device='cuda:0')",0.15,"tensor(0.5938, device='cuda:0')","tensor([ 0.5270,  7.7680,  2.5262,  6.9423,  0.3270,  0.7812,  7.1621,  7.2303,
         2.9807,  8.9644,  0.5429,  0.0667,  0.7219,  0.7631, 10.9914,  4.1530,
         1.9063,  8.3798,  8.1878,  1.0195,  2.4253,  3.1237,  0.5481,  2.0327,
         6.3762,  0.2188,  6.5450,  1.0832,  0.6067,  7.9580,  2.7054,  4.5447],
       device='cuda:0')"
47,U,True,"tensor(0.7500, device='cuda:0')",<module 'augmentations' from '/home/dhananjay/Desktop/QuickDefence/augmentations.py'>,0.15,"tensor([ 8.9069,  1.1373,  1.4736,  6.4894,  6.9928,  3.1912,  1.7739,  2.2766,
         9.5936,  4.1395,  5.9776,  7.1123,  8.2092,  1.9571,  1.3127,  3.3250,
         6.6670,  3.6880,  3.5967,  3.3210, 13.3539, 11.0748,  3.3302,  2.3047,
         0.8309,  5.2743,  1.9278,  6.6558,  6.1077,  3.6902,  5.4369,  0.1425],
       device='cuda:0')"
48,U,False,"tensor(0.8438, device='cuda:0')",0.2,"tensor(0.8438, device='cuda:0')","tensor([ 1.7604,  8.3950,  1.8585,  2.0194,  8.6746,  7.5345, 11.1480,  4.9027,
         0.6007,  0.5342,  4.4037,  7.5334,  4.0324,  0.3127,  8.4830,  3.9110,
         7.0418,  4.5779,  7.3923, 10.0777,  3.8022,  9.4943,  6.8342, 11.2124,
         2.8465,  8.1682,  5.0255,  2.5978,  0.0543,  5.0525,  5.3780,  4.4184],
       device='cuda:0')"
49,U,True,"tensor(0.5312, device='cuda:0')",<module 'augmentations' from '/home/dhananjay/Desktop/QuickDefence/augmentations.py'>,0.2,"tensor([ 0.4175,  0.7809,  0.8635, 11.0293,  0.3538,  2.7441,  7.7871,  0.5745,
         0.4900,  7.7910,  4.6979,  1.2626,  4.5466,  6.7161,  7.6011,  0.1866,
         0.8479,  2.1971,  0.8016,  2.8768,  1.3159,  0.6690,  1.3646,  7.2598,
         1.7150,  4.1810,  5.5695,  6.6362,  3.6236,  2.2916,  2.7832,  1.9191],
       device='cuda:0')"
50,U,False,"tensor(0.6875, device='cuda:0')",0.25,"tensor(0.6875, device='cuda:0')","tensor([ 0.5828,  2.1809,  4.4441,  3.9666,  6.1669,  0.0474,  6.1692,  0.8692,
         0.1050,  0.1058,  2.4063,  0.2950,  5.7822,  5.8193,  1.6231,  5.2115,
         3.5254,  2.6737, 11.4834,  3.1879,  0.1430,  8.3029,  5.2013,  1.7017,
         7.2795,  6.1164,  3.4096,  7.8430,  0.3014,  0.1841,  4.5687,  2.1911],
       device='cuda:0')"
51,U,True,"tensor(0.7188, device='cuda:0')",<module 'augmentations' from '/home/dhananjay/Desktop/QuickDefence/augmentations.py'>,0.25,"tensor([8.4539, 3.2308, 0.8401, 4.2636, 1.3878, 1.5126, 1.1074, 9.4052, 2.8949,
        1.2435, 4.1662, 6.3713, 3.0140, 5.1370, 1.4312, 0.1595, 1.3308, 8.3087,
        9.2729, 7.3043, 3.5416, 2.0115, 0.4702, 8.4362, 1.5483, 0.3901, 7.0637,
        9.9306, 5.5436, 1.6372, 0.1936, 0.8753], device='cuda:0')"
52,U,False,"tensor(0.7812, device='cuda:0')",0.3,"tensor(0.7812, device='cuda:0')","tensor([2.1014e+00, 2.4075e+00, 1.7471e+00, 4.8618e-03, 2.2365e+00, 5.0350e-01,
        2.8626e+00, 5.8847e+00, 5.1513e+00, 3.1383e+00, 3.0845e+00, 3.6842e+00,
        7.5900e+00, 5.3598e+00, 7.2632e+00, 4.7722e+00, 4.1061e+00, 2.6992e+00,
        7.7308e+00, 5.4927e+00, 7.9181e+00, 2.2189e+00, 3.2674e+00, 1.7260e+00,
        5.2943e-01, 3.2085e+00, 1.0739e-01, 5.8363e+00, 3.2745e+00, 1.6248e+00,
        9.1961e+00, 3.7297e+00], device='cuda:0')"
53,U,True,"tensor(0.4688, device='cuda:0')",<module 'augmentations' from '/home/dhananjay/Desktop/QuickDefence/augmentations.py'>,0.3,"tensor([11.3897,  2.5255,  0.0767,  6.9831,  7.9026,  4.3453,  1.5372,  1.6864,
         1.5500,  0.7882,  0.1948,  0.0599,  4.6994,  0.8241,  3.8144,  0.0283,
         4.2147,  2.5096,  0.1836,  6.9416,  1.0967,  2.7408,  0.6159,  2.9848,
         3.1608,  2.6861,  0.0279,  4.6584,  4.0773,  0.1416,  2.7907,  0.4839],
       device='cuda:0')"
54,U,False,"tensor(0.8438, device='cuda:0')",0.35,"tensor(0.8438, device='cuda:0')","tensor([7.6622, 0.7227, 1.6768, 5.2634, 2.3965, 5.4240, 3.1954, 4.1396, 7.3546,
        2.3353, 0.5557, 2.0880, 2.5753, 2.7061, 3.7995, 4.5719, 7.6870, 4.6378,
        1.0606, 1.2476, 0.1208, 0.3972, 3.8142, 5.3184, 0.8790, 3.6811, 1.7324,
        4.4809, 9.9139, 2.1321, 1.8976, 1.3958], device='cuda:0')"
55,U,True,"tensor(0.6250, device='cuda:0')",<module 'augmentations' from '/home/dhananjay/Desktop/QuickDefence/augmentations.py'>,0.35,"tensor([2.3450, 0.3654, 0.0116, 1.4199, 0.4819, 0.9785, 0.8349, 2.8259, 4.6214,
        0.7639, 6.2753, 2.1533, 0.9590, 0.8297, 0.7194, 4.3147, 3.8245, 0.4822,
        6.9201, 2.6679, 1.0128, 5.2799, 0.0980, 1.2830, 2.4033, 2.9643, 4.2368,
        0.1201, 4.7736, 4.1785, 1.5206, 0.6296], device='cuda:0')"
56,U,False,"tensor(0.7500, device='cuda:0')",0.4,"tensor(0.7500, device='cuda:0')","tensor([1.9327e-01, 2.9471e-03, 9.6590e-01, 2.4386e+00, 1.2945e+00, 4.3520e+00,
        4.9665e+00, 8.0989e-01, 1.6599e+00, 4.2720e+00, 3.6466e+00, 4.1898e+00,
        2.6116e+00, 2.8321e+00, 1.9645e-01, 3.4495e+00, 2.2248e+00, 7.1978e+00,
        5.5237e+00, 1.9218e+00, 4.7087e+00, 3.7434e-01, 4.0882e+00, 1.0282e+00,
        3.7999e+00, 2.4732e+00, 4.7924e+00, 3.5294e+00, 2.9227e-01, 3.6544e+00,
        2.3655e+00, 5.1864e+00], device='cuda:0')"
57,U,True,"tensor(0.5312, device='cuda:0')",<module 'augmentations' from '/home/dhananjay/Desktop/QuickDefence/augmentations.py'>,0.4,"tensor([0.9081, 0.3143, 3.3209, 0.8878, 2.8996, 4.2469, 0.0692, 0.5598, 3.7494,
        3.6345, 3.0193, 1.5919, 1.7701, 0.1348, 5.6285, 1.1192, 1.8187, 0.1666,
        3.6783, 0.1435, 0.7565, 2.3882, 2.7452, 1.6644, 0.6643, 5.6762, 2.2450,
        3.7251, 1.8306, 2.0649, 0.1276, 0.7769], device='cuda:0')"
58,U,False,"tensor(0.7500, device='cuda:0')",0.45,"tensor(0.7500, device='cuda:0')","tensor([5.5758, 5.0495, 4.7555, 3.2060, 1.8801, 0.7326, 3.3351, 3.7657, 0.4612,
        1.1456, 5.7860, 2.5972, 1.9020, 4.8468, 0.5341, 2.6285, 2.0342, 1.1261,
        6.2368, 0.1552, 6.9728, 1.1588, 0.6373, 0.4177, 1.5023, 1.2933, 0.8663,
        3.2794, 6.8610, 1.2016, 2.9950, 3.1772], device='cuda:0')"
59,U,True,"tensor(0.5000, device='cuda:0')",<module 'augmentations' from '/home/dhananjay/Desktop/QuickDefence/augmentations.py'>,0.45,"tensor([2.4869e-01, 4.3774e-01, 2.7535e+00, 1.4797e+00, 1.7994e+00, 7.7786e+00,
        1.3857e+00, 1.6295e+00, 5.2202e+00, 3.6707e+00, 1.1771e+00, 9.8073e-01,
        5.6833e-01, 1.2717e+00, 2.5166e+00, 4.0446e-01, 9.6088e-01, 1.4970e+00,
        6.9903e-01, 1.1049e+00, 9.4650e-01, 3.0672e-01, 2.4232e+00, 3.4743e-01,
        2.2471e+00, 9.4037e-01, 6.2682e-01, 3.4103e-01, 6.7458e+00, 5.9767e+00,
        2.2606e-03, 1.3192e-01], device='cuda:0')"
60,U,False,"tensor(0.5938, device='cuda:0')",0.5,"tensor(0.5938, device='cuda:0')","tensor([0.5377, 2.2948, 1.6219, 2.2956, 1.4420, 0.2134, 2.8784, 4.4702, 2.8788,
        7.5465, 1.8409, 2.7596, 1.2023, 0.4420, 1.7374, 0.0590, 2.6757, 4.4992,
        1.2110, 0.6458, 0.4696, 0.6876, 1.7270, 6.0290, 0.7553, 1.7101, 0.1769,
        0.9533, 0.5382, 2.8446, 1.5825, 0.4534], device='cuda:0')"
61,U,True,"tensor(0.4688, device='cuda:0')",<module 'augmentations' from '/home/dhananjay/Desktop/QuickDefence/augmentations.py'>,0.5,"tensor([0.3939, 2.2762, 4.0862, 1.0110, 0.0909, 3.9180, 0.7254, 1.3652, 1.7536,
        0.0719, 0.1782, 1.3518, 2.2697, 0.0158, 1.5452, 0.9016, 2.7096, 1.4568,
        1.6655, 0.8030, 3.7770, 0.2131, 4.0974, 1.6861, 0.4669, 2.1911, 0.7300,
        0.7213, 0.0923, 0.1721, 5.9225, 0.0531], device='cuda:0')"
62,A,False,"tensor(0.8438, device='cuda:0')",0.01,"tensor(0.8438, device='cuda:0')","tensor([7.0582, 2.4570, 3.7128, 3.0624, 1.2433, 8.6829, 1.5405, 5.8270, 1.8255,
        0.0780, 0.0201, 0.8046, 0.5048, 5.5921, 1.6611, 2.0641, 4.3951, 2.1235,
        9.9633, 3.1821, 2.5673, 0.6265, 1.6645, 4.2920, 8.8982, 1.1821, 7.5238,
        1.8357, 8.2747, 2.5669, 0.6593, 0.3617], device='cuda:0')"
63,A,True,"tensor(1., device='cuda:0')",<module 'augmentations' from '/home/dhananjay/Desktop/QuickDefence/augmentations.py'>,0.01,"tensor([10.0255,  7.8479,  9.4337, 10.9245,  8.5837,  4.0103,  5.0879,  6.6032,
        10.8225, 12.2257,  8.4943, 12.1629, 10.7728,  4.5869,  7.9924,  8.5161,
        16.0562, 10.6885,  7.2181,  6.0235, 11.6649,  7.7240,  6.1416, 12.0263,
         1.1757, 11.5791,  9.9704, 10.9900, 10.6117,  9.7755, 11.8433, 10.5422],
       device='cuda:0')"
64,A,False,"tensor(0.8438, device='cuda:0')",0.1,"tensor(0.8438, device='cuda:0')","tensor([ 2.4110, 11.6430,  6.1306,  3.6583,  1.4991,  1.9359,  0.8361,  8.8312,
         4.5224,  8.4339,  5.9946,  3.7115,  2.9779,  3.3477,  9.6352,  3.6734,
         5.4931,  0.2121,  0.3330,  1.3513,  7.5077,  2.2279,  0.9295,  0.3969,
         2.6038,  4.5295,  0.4961,  4.4267,  8.2151,  1.1940,  6.1009,  3.9004],
       device='cuda:0')"
65,A,True,"tensor(1., device='cuda:0')",<module 'augmentations' from '/home/dhananjay/Desktop/QuickDefence/augmentations.py'>,0.1,"tensor([ 7.8989, 10.6881,  7.0525,  0.0869,  8.0672,  8.2646, 12.0363,  9.0458,
         8.9413, 12.9903,  1.7708, 10.1309,  6.8175,  5.3451,  4.0564,  4.2566,
         1.5878,  4.4086, 10.3186, 12.0173,  9.8223,  4.2003, 11.0986,  9.7814,
         5.9919, 12.2317,  8.4833,  6.5403,  5.4462, 10.9198,  9.2221,  7.0039],
       device='cuda:0')"
66,A,False,"tensor(0.7500, device='cuda:0')",0.5,"tensor(0.7500, device='cuda:0')","tensor([ 1.1899,  0.2271,  2.9023,  4.0863,  2.1290,  4.2169,  2.0796,  1.0890,
         0.7809,  5.9706,  1.0907,  5.4793,  1.4317,  1.6693,  5.1384,  0.0917,
         2.6612,  2.7497,  3.9995,  3.6034,  5.6274,  2.3676,  2.5353,  2.0943,
         2.7580,  4.0674,  0.2134,  9.8737,  2.0611,  1.8642, 10.1562,  3.1113],
       device='cuda:0')"
67,A,True,"tensor(1., device='cuda:0')",<module 'augmentations' from '/home/dhananjay/Desktop/QuickDefence/augmentations.py'>,0.5,"tensor([ 9.8523, 11.2004,  5.1636,  7.5025,  7.7280,  4.8501,  8.4917, 10.6760,
         5.3432,  7.2029, 10.1018, 12.1185,  9.5682,  8.0504,  6.9774,  8.9100,
        12.3161,  7.9163,  6.8834, 15.0182,  7.7046, 11.1623,  6.8628, 11.9019,
         9.2358,  6.6994, 11.6724,  8.3631, 12.6669, 17.4547,  2.7939,  7.7571],
       device='cuda:0')"
68,A,False,"tensor(0.7812, device='cuda:0')",1,"tensor(0.7812, device='cuda:0')","tensor([ 4.2919,  5.8132,  1.7487, 10.4044,  0.6499,  0.0940,  0.5456,  2.5795,
         0.8686,  0.4604,  7.5865,  5.9079,  9.1161,  2.2174,  0.1850,  0.1852,
         3.4828,  5.8293,  1.9186,  1.1659,  0.3763,  0.8712,  3.2646,  1.3621,
         3.5388,  0.7693,  1.6235,  4.9772,  3.6351,  6.7147,  7.8938, 10.6986],
       device='cuda:0')"
69,A,True,"tensor(1., device='cuda:0')",<module 'augmentations' from '/home/dhananjay/Desktop/QuickDefence/augmentations.py'>,1,"tensor([ 3.1270, 15.2674, 13.0301,  7.9363,  7.2247, 12.3193,  8.3133, 10.1066,
         6.2537,  9.1497,  8.9720,  7.6394, 17.1102,  6.9033,  4.5877,  9.8429,
        11.0384,  5.8197, 15.0103,  8.6162,  1.4322, 13.9889,  7.8549, 11.6281,
         8.2097, 14.2763,  9.5174,  6.7977,  9.3166,  2.1199, 11.7149,  7.4043],
       device='cuda:0')"
70,A,False,"tensor(0.9375, device='cuda:0')",2,"tensor(0.9375, device='cuda:0')","tensor([8.0508, 4.0975, 0.1095, 2.9869, 4.5525, 1.7707, 1.6008, 1.3829, 3.1829,
        5.2732, 3.9127, 2.3340, 2.5084, 6.3781, 0.2839, 8.0622, 1.8738, 3.2069,
        2.9631, 1.1234, 1.5513, 1.8791, 2.0847, 2.7904, 2.9885, 4.6150, 1.1101,
        0.7074, 1.4089, 5.0199, 3.0354, 0.1125], device='cuda:0')"
71,A,True,"tensor(1., device='cuda:0')",<module 'augmentations' from '/home/dhananjay/Desktop/QuickDefence/augmentations.py'>,2,"tensor([11.5074,  6.1062, 10.8260, 10.0771,  9.1775,  5.4208,  8.3539,  4.5475,
         4.5496,  7.6785,  7.7024,  6.4864,  8.2041,  7.4494,  3.8547,  3.7187,
         6.4585,  8.8549, 10.5664,  7.2045,  9.2246,  7.8516,  9.6061, 11.0547,
        11.0805,  7.4558,  4.8542, 11.2619,  8.2915,  8.6451,  6.2520,  9.1727],
       device='cuda:0')"
72,A,False,"tensor(0.7188, device='cuda:0')",5,"tensor(0.7188, device='cuda:0')","tensor([2.1747, 3.7608, 4.9547, 2.0544, 2.8005, 0.8058, 3.6714, 3.4354, 9.6767,
        1.0723, 2.3850, 3.7338, 2.8212, 0.9944, 7.4613, 3.0128, 0.3971, 0.0526,
        0.3928, 6.7615, 1.1977, 6.9002, 1.0739, 4.0261, 2.7486, 4.5561, 3.4643,
        3.8371, 1.6818, 0.7820, 1.4807, 2.2788], device='cuda:0')"
73,A,True,"tensor(1., device='cuda:0')",<module 'augmentations' from '/home/dhananjay/Desktop/QuickDefence/augmentations.py'>,5,"tensor([ 9.7379, 13.3808,  2.0557, 11.2884,  6.2698,  6.3082,  6.7588,  7.8954,
         5.5275,  9.6464,  7.6778,  3.5255, 11.5364,  9.5537,  3.6814,  8.8200,
         9.2482,  4.4740,  5.7379,  3.7387, 12.9454,  1.4704,  8.8178, 10.5511,
         9.8632,  3.5827,  6.5054, 11.6189,  6.8649,  8.1926,  1.8065,  5.1255],
       device='cuda:0')"
74,A,False,"tensor(0.3438, device='cuda:0')",10,"tensor(0.3438, device='cuda:0')","tensor([1.3653, 1.7884, 0.8084, 0.6973, 2.0459, 0.1782, 3.6761, 5.0894, 3.3665,
        0.8317, 0.2142, 2.2189, 2.1869, 1.4862, 5.3776, 2.7519, 0.7420, 0.3380,
        1.5512, 0.5342, 2.7738, 5.2485, 1.5362, 0.3763, 4.7461, 0.3969, 0.5649,
        2.1449, 0.9763, 1.8968, 3.9246, 3.5275], device='cuda:0')"
75,A,True,"tensor(0.6562, device='cuda:0')",<module 'augmentations' from '/home/dhananjay/Desktop/QuickDefence/augmentations.py'>,10,"tensor([1.0929, 0.6377, 0.8801, 0.0254, 2.8220, 2.0665, 2.5771, 0.7606, 2.9327,
        0.3368, 2.9253, 0.3221, 1.6450, 2.0079, 7.9311, 5.8337, 1.7012, 4.5629,
        4.6524, 0.1647, 5.6322, 9.4654, 3.8366, 4.7884, 2.7618, 4.3346, 3.2362,
        1.9027, 1.6333, 1.6897, 0.1362, 2.7474], device='cuda:0')"
76,A,False,"tensor(0.2188, device='cuda:0')",15,"tensor(0.2188, device='cuda:0')","tensor([2.7519, 5.0614, 0.4291, 0.1748, 3.0107, 0.5515, 0.7221, 0.2892, 2.5714,
        0.8294, 1.0793, 4.2721, 2.9085, 0.9681, 1.6367, 0.5107, 2.1991, 2.0764,
        1.0746, 1.6564, 1.6370, 1.8396, 0.2118, 1.8159, 0.3037, 0.1246, 2.3608,
        1.6158, 0.7509, 0.6408, 0.6544, 3.4517], device='cuda:0')"
77,A,True,"tensor(0.3750, device='cuda:0')",<module 'augmentations' from '/home/dhananjay/Desktop/QuickDefence/augmentations.py'>,15,"tensor([2.0941, 2.3199, 0.5531, 0.8418, 2.1993, 0.3869, 0.3616, 0.2867, 3.8736,
        4.0978, 0.9178, 2.5975, 1.2066, 0.8708, 3.0195, 0.2579, 3.2348, 4.0593,
        0.3703, 1.6895, 1.5389, 0.0416, 0.8757, 3.6339, 0.0276, 1.1941, 3.2894,
        0.0108, 1.4439, 3.4154, 2.8937, 1.5119], device='cuda:0')"
78,A,False,"tensor(0.2188, device='cuda:0')",20,"tensor(0.2188, device='cuda:0')","tensor([3.2019e-01, 4.3769e-02, 6.5032e-01, 1.6394e+00, 3.7627e-01, 1.2257e+00,
        2.6864e-01, 3.2048e+00, 2.0598e+00, 1.1007e+00, 1.5615e+00, 4.8710e-03,
        2.2655e-01, 1.3084e+00, 1.3485e+00, 1.9136e+00, 1.2524e+00, 2.5733e+00,
        4.7853e-01, 5.6535e-01, 1.5252e+00, 9.5213e-01, 3.5510e+00, 5.0417e-01,
        1.8328e+00, 3.6957e-01, 3.0856e-02, 1.4768e+00, 3.1100e-01, 1.5962e+00,
        6.0714e+00, 4.6905e-01], device='cuda:0')"
79,A,True,"tensor(0.2812, device='cuda:0')",<module 'augmentations' from '/home/dhananjay/Desktop/QuickDefence/augmentations.py'>,20,"tensor([2.0608, 0.5369, 0.0298, 1.6530, 0.8349, 1.4382, 2.4096, 2.5688, 1.5807,
        0.8817, 0.2389, 1.3424, 0.8680, 0.9040, 2.0421, 0.3887, 0.2870, 2.1880,
        0.2473, 2.2165, 1.5466, 1.1485, 2.1382, 0.3040, 0.9708, 0.9027, 0.7825,
        0.8053, 1.2925, 0.3225, 4.3858, 0.2396], device='cuda:0')"
80,A,False,"tensor(0.3125, device='cuda:0')",25,"tensor(0.3125, device='cuda:0')","tensor([1.7583, 2.2109, 3.4122, 2.5490, 1.1915, 0.2107, 1.0481, 1.0833, 3.3154,
        0.7439, 0.1302, 1.5824, 0.0289, 1.6091, 0.4906, 1.5985, 0.0179, 1.0422,
        0.5422, 0.3927, 0.7054, 1.1762, 1.3802, 3.4191, 2.2844, 1.0591, 1.3944,
        1.6094, 0.9695, 2.3088, 0.2343, 1.5724], device='cuda:0')"
81,A,True,"tensor(0.3125, device='cuda:0')",<module 'augmentations' from '/home/dhananjay/Desktop/QuickDefence/augmentations.py'>,25,"tensor([1.9115, 2.5572, 2.5571, 2.0360, 2.1736, 0.2581, 0.6807, 1.7798, 2.9188,
        0.6730, 0.7360, 1.3839, 0.2923, 0.5565, 0.2724, 1.1765, 0.0370, 1.7677,
        0.1614, 0.3951, 0.5701, 0.3033, 0.4651, 3.0185, 0.7942, 1.3803, 0.2066,
        0.6063, 1.4197, 3.2202, 0.7903, 1.3460], device='cuda:0')"
82,A,False,"tensor(0.8750, device='cuda:0')",5,"tensor(0.8750, device='cuda:0')","tensor([0.0215, 7.8713, 4.0988, 1.5671, 1.0816, 7.1349, 3.6438, 9.3481, 1.4005,
        4.4749, 6.7656, 5.5539, 0.8754, 8.0460, 8.4302, 1.7235, 6.0692, 6.1334,
        5.0914, 1.9496, 5.6798, 0.3199, 0.8810, 1.2925, 1.3283, 2.2109, 7.7380,
        1.3743, 5.7766, 0.6748, 0.4541, 3.3983], device='cuda:0')"
83,A,True,"tensor(1., device='cuda:0')",<module 'augmentations' from '/home/dhananjay/Desktop/QuickDefence/augmentations.py'>,5,"tensor([ 5.5401,  3.6706,  2.1337,  9.6742,  4.8884,  4.9023, 12.4296,  9.5100,
         8.8747,  8.0786,  4.6218,  5.7852,  2.1731,  4.4038,  5.7243,  7.8601,
         6.1098,  6.2326,  6.5431,  9.0327,  5.9670,  5.1192,  8.7157, 11.1010,
         6.4870,  6.2977,  3.1267,  7.9814,  5.3679,  9.4604,  5.0172,  8.4856],
       device='cuda:0')"
84,A,False,"tensor(0.8438, device='cuda:0')",10,"tensor(0.8438, device='cuda:0')","tensor([0.9155, 1.3924, 2.2468, 3.3549, 0.5459, 1.4306, 0.3290, 2.6684, 7.0394,
        1.6353, 0.9860, 1.9930, 0.6324, 0.5295, 2.6106, 3.1254, 5.8379, 0.9250,
        3.5013, 2.6901, 2.0116, 0.5165, 4.5358, 3.0454, 3.2359, 0.7518, 3.4327,
        3.3642, 3.5088, 0.4439, 4.7531, 1.2021], device='cuda:0')"
85,A,True,"tensor(1., device='cuda:0')",<module 'augmentations' from '/home/dhananjay/Desktop/QuickDefence/augmentations.py'>,10,"tensor([3.6285, 4.5554, 4.9216, 8.3287, 6.6311, 5.5125, 8.9170, 5.3956, 9.3164,
        4.7877, 6.1707, 3.8665, 7.7395, 1.7290, 4.8492, 6.7077, 1.6867, 1.3317,
        7.6245, 9.1092, 9.1184, 5.9560, 3.5615, 2.2336, 1.2620, 6.8725, 2.6964,
        8.9745, 4.5691, 2.4431, 7.3572, 4.4875], device='cuda:0')"
86,A,False,"tensor(0.7500, device='cuda:0')",15,"tensor(0.7500, device='cuda:0')","tensor([0.0713, 3.9877, 2.9313, 0.2073, 2.6309, 1.1530, 4.0388, 7.1094, 5.4891,
        0.3158, 1.0250, 7.4770, 0.9692, 2.1935, 0.9013, 4.3766, 0.4206, 6.7312,
        4.0227, 3.2932, 0.3644, 8.1417, 2.8362, 1.0048, 2.0276, 4.6372, 1.0051,
        0.8638, 0.6390, 5.3101, 1.2311, 1.1765], device='cuda:0')"
87,A,True,"tensor(1., device='cuda:0')",<module 'augmentations' from '/home/dhananjay/Desktop/QuickDefence/augmentations.py'>,15,"tensor([6.6701, 2.1939, 3.3012, 5.1074, 9.3023, 2.7454, 4.8051, 7.5188, 7.1944,
        0.7748, 7.4350, 3.0570, 4.9692, 6.5921, 4.7805, 4.1746, 4.5717, 2.8238,
        4.9929, 6.6355, 4.0805, 2.5083, 9.8364, 7.1215, 6.2593, 6.7890, 4.4740,
        7.3119, 5.6964, 2.5666, 8.1985, 6.8377], device='cuda:0')"
88,A,False,"tensor(0.8750, device='cuda:0')",20,"tensor(0.8750, device='cuda:0')","tensor([3.9258, 0.5913, 3.7129, 4.5267, 9.1641, 5.8890, 5.2081, 0.3868, 5.2485,
        5.4605, 5.1737, 2.0044, 1.0592, 3.8068, 4.1084, 0.9488, 4.2205, 2.2698,
        2.3812, 8.0505, 8.1251, 0.6396, 2.9921, 3.3465, 0.2916, 2.3826, 3.5735,
        2.6461, 6.2330, 0.2192, 1.8923, 2.1983], device='cuda:0')"
89,A,True,"tensor(1., device='cuda:0')",<module 'augmentations' from '/home/dhananjay/Desktop/QuickDefence/augmentations.py'>,20,"tensor([ 6.7591,  3.4954,  2.9721, 10.0834,  3.3159,  3.9132,  1.7454,  4.3635,
         1.3702,  2.0481,  6.4538,  2.4746,  2.3067,  2.8883,  2.5419,  1.2190,
         3.1475,  8.2206,  9.0814,  0.1656,  3.1068,  3.7163,  1.9197,  4.5682,
         3.8812,  8.7056,  0.6878,  6.4169,  2.1790,  3.6811,  8.6438,  2.3192],
       device='cuda:0')"
90,A,False,"tensor(0.7500, device='cuda:0')",35,"tensor(0.7500, device='cuda:0')","tensor([1.2303, 0.7192, 6.2209, 6.3912, 2.0035, 0.5868, 3.6474, 1.7789, 0.1062,
        6.6503, 0.1639, 0.2419, 6.1129, 1.4723, 0.0459, 2.3362, 4.8865, 3.3245,
        5.3129, 1.0962, 5.6117, 1.4762, 0.2639, 0.8933, 1.8288, 3.2473, 4.0813,
        4.0996, 1.3302, 5.9196, 3.1429, 0.1399], device='cuda:0')"
91,A,True,"tensor(0.9062, device='cuda:0')",<module 'augmentations' from '/home/dhananjay/Desktop/QuickDefence/augmentations.py'>,35,"tensor([ 3.0849,  2.7880,  3.5899,  0.5148,  2.6269,  4.4810,  0.2001,  3.1431,
         3.4095,  2.7836,  2.6447,  3.4328, 10.0788,  4.0671,  2.8763,  4.0119,
         4.6122,  3.7166,  2.4589,  3.8642,  0.4160,  6.7596,  3.7705,  7.5287,
         4.7079,  1.8054,  2.6888,  4.2488,  4.5986,  1.6899,  2.4157,  5.9866],
       device='cuda:0')"
92,A,False,"tensor(0.8125, device='cuda:0')",45,"tensor(0.8125, device='cuda:0')","tensor([4.2237, 4.0323, 4.3215, 6.4096, 4.1361, 0.6365, 1.6935, 1.1641, 0.6490,
        1.5534, 1.3612, 0.7663, 1.7593, 2.7735, 0.3011, 5.2667, 1.1170, 1.9357,
        0.5661, 0.8979, 0.0646, 7.1622, 1.0400, 0.0847, 4.7526, 0.3837, 0.0992,
        1.7952, 8.0066, 5.9215, 2.9547, 2.9004], device='cuda:0')"
93,A,True,"tensor(0.9062, device='cuda:0')",<module 'augmentations' from '/home/dhananjay/Desktop/QuickDefence/augmentations.py'>,45,"tensor([1.3573, 6.8393, 4.1188, 3.6634, 2.2161, 2.2200, 4.1196, 4.2318, 0.1317,
        0.4068, 2.8138, 1.2136, 1.2960, 4.0701, 1.5731, 2.6181, 3.3071, 3.1798,
        4.7830, 0.1388, 3.9701, 1.7024, 3.4640, 4.6681, 2.2315, 0.9361, 6.0356,
        3.0697, 1.3788, 0.1521, 2.7308, 0.9626], device='cuda:0')"
94,A,False,"tensor(0.8125, device='cuda:0')",55,"tensor(0.8125, device='cuda:0')","tensor([0.6050, 0.1616, 3.8168, 1.3173, 0.0912, 0.5812, 0.2751, 9.2739, 0.1657,
        2.8084, 1.6202, 0.7158, 0.8103, 3.3663, 6.3663, 2.3740, 4.6127, 4.0183,
        3.8201, 2.3235, 0.5946, 2.2422, 1.3511, 5.8249, 0.5561, 5.2024, 3.0408,
        4.1363, 0.5515, 1.5887, 3.7671, 1.2029], device='cuda:0')"
95,A,True,"tensor(0.7812, device='cuda:0')",<module 'augmentations' from '/home/dhananjay/Desktop/QuickDefence/augmentations.py'>,55,"tensor([2.5923, 4.9774, 1.8514, 0.1472, 0.0573, 5.6050, 5.1119, 2.7960, 6.5548,
        1.0906, 5.3843, 5.3966, 3.5905, 1.4452, 2.0887, 1.8343, 3.1141, 1.3180,
        1.3274, 1.5299, 3.8156, 1.3345, 4.9553, 0.0649, 1.9957, 1.7679, 0.1114,
        1.6751, 3.5166, 3.8948, 1.7952, 0.0735], device='cuda:0')"
96,A,False,"tensor(0.8438, device='cuda:0')",65,"tensor(0.8438, device='cuda:0')","tensor([9.5721e-01, 1.2533e+00, 6.9341e-01, 2.1855e-02, 1.4179e+00, 3.3062e+00,
        1.3492e+00, 1.3469e+00, 6.0221e-03, 5.3651e+00, 1.6904e+00, 5.7512e+00,
        1.2672e-02, 9.4117e-01, 6.7175e-01, 6.5845e+00, 1.7735e+00, 2.0035e+00,
        2.5067e-01, 1.5522e-01, 1.4433e+00, 2.3380e+00, 2.4830e+00, 4.2894e+00,
        1.8962e+00, 5.1216e+00, 2.1496e+00, 2.7223e+00, 4.5299e+00, 3.3642e+00,
        6.1885e-01, 4.5758e+00], device='cuda:0')"
97,A,True,"tensor(0.8438, device='cuda:0')",<module 'augmentations' from '/home/dhananjay/Desktop/QuickDefence/augmentations.py'>,65,"tensor([1.2797, 2.1569, 2.9738, 2.4362, 2.9213, 2.7632, 0.8111, 3.0831, 0.9186,
        3.8651, 2.3414, 2.0025, 4.0939, 2.3363, 3.3249, 0.8195, 2.0563, 0.5787,
        1.8586, 5.6957, 3.7259, 5.0229, 1.2170, 1.0690, 3.3963, 2.6761, 2.5081,
        0.4341, 0.5143, 0.2178, 3.7574, 2.2074], device='cuda:0')"
98,A,False,"tensor(0.7500, device='cuda:0')",75,"tensor(0.7500, device='cuda:0')","tensor([3.4417, 1.4310, 1.8436, 1.8080, 3.4687, 0.3705, 4.3779, 0.7338, 0.3856,
        2.7534, 1.3844, 1.9120, 0.0642, 1.6928, 1.0824, 0.8021, 1.6484, 0.4884,
        2.6280, 0.2344, 1.9129, 0.8181, 1.6156, 3.1795, 0.8732, 3.1107, 0.2480,
        3.8321, 1.6148, 0.5367, 0.4686, 4.6248], device='cuda:0')"
99,A,True,"tensor(0.6562, device='cuda:0')",<module 'augmentations' from '/home/dhananjay/Desktop/QuickDefence/augmentations.py'>,75,"tensor([1.2047, 0.4047, 3.0467, 2.1757, 0.3362, 2.7504, 0.0900, 3.4645, 2.3486,
        0.5546, 0.2317, 1.9929, 1.4951, 0.5628, 0.1457, 2.5505, 3.4110, 2.8962,
        0.9257, 2.2650, 0.0754, 5.0277, 2.9344, 0.6817, 0.3346, 0.4208, 3.4259,
        0.8769, 0.7931, 2.6020, 2.4335, 1.7713], device='cuda:0')"
100,A,False,"tensor(0.8125, device='cuda:0')",90,"tensor(0.8125, device='cuda:0')","tensor([0.9935, 4.7798, 0.2028, 0.5485, 0.8175, 1.7691, 3.5998, 0.3958, 1.1758,
        1.4168, 0.6320, 1.2704, 5.0772, 0.3014, 0.8382, 1.6359, 7.6367, 0.2180,
        1.7029, 0.5881, 5.0067, 2.2915, 0.3492, 1.4894, 2.2025, 0.5915, 2.7413,
        4.4735, 2.0109, 1.7897, 3.4562, 1.1811], device='cuda:0')"
101,A,True,"tensor(0.7188, device='cuda:0')",<module 'augmentations' from '/home/dhananjay/Desktop/QuickDefence/augmentations.py'>,90,"tensor([2.8705, 3.2275, 0.4865, 2.0044, 0.7878, 0.7142, 0.7811, 0.3082, 1.3300,
        0.6228, 2.7094, 1.1677, 3.0844, 0.0090, 1.4544, 2.4284, 0.2507, 0.5182,
        2.8358, 1.0865, 0.0098, 3.5877, 1.2187, 3.6906, 2.2347, 0.9504, 0.6029,
        2.3307, 0.9594, 2.6430, 1.8722, 5.7385], device='cuda:0')"
102,A,False,"tensor(0.7500, device='cuda:0')",0.01,"tensor(0.7500, device='cuda:0')","tensor([ 0.0177,  3.1539,  2.1560,  0.3936,  4.0077,  0.4874,  5.7743,  0.3849,
         0.3341,  2.6679,  0.9497,  4.9466,  4.2632,  1.7721,  4.4574,  0.1731,
         3.6314,  0.2394,  1.9081,  2.3818,  5.0093,  2.9755,  2.0659,  3.0268,
        10.2422,  3.6257,  3.4323,  2.7425,  0.1075,  8.7649,  1.8767,  2.4657],
       device='cuda:0')"
103,A,True,"tensor(1., device='cuda:0')",<module 'augmentations' from '/home/dhananjay/Desktop/QuickDefence/augmentations.py'>,0.01,"tensor([ 3.4685,  7.4609, 11.7876,  9.2207,  6.8307,  8.8146,  6.9357,  9.6470,
        12.4406,  6.5184, 10.1821,  5.8305, 11.7984, 11.4666,  9.7983,  9.6122,
         5.6746,  9.6259,  9.2774, 10.1064,  4.9892,  4.8092,  5.9871, 12.1795,
         1.9930,  7.7303,  6.9256,  6.5451,  1.3660,  7.9534,  8.9703,  6.7443],
       device='cuda:0')"
104,A,False,"tensor(0.7500, device='cuda:0')",0.05,"tensor(0.7500, device='cuda:0')","tensor([2.5100, 3.7316, 3.2129, 7.6372, 2.0087, 0.1762, 1.2059, 3.7334, 0.4512,
        2.4830, 9.5271, 3.4685, 1.9535, 1.9856, 3.8973, 2.4403, 1.1548, 2.9150,
        0.7660, 8.7968, 5.2300, 8.2556, 2.6907, 1.3365, 0.9195, 0.3018, 5.0306,
        0.7166, 6.1632, 5.1032, 1.1906, 1.3956], device='cuda:0')"
105,A,True,"tensor(0.9375, device='cuda:0')",<module 'augmentations' from '/home/dhananjay/Desktop/QuickDefence/augmentations.py'>,0.05,"tensor([4.0427, 3.6588, 6.7837, 0.3155, 1.9628, 2.4987, 8.6468, 4.0990, 1.4675,
        5.0100, 6.0084, 4.3716, 7.4641, 5.3232, 2.7576, 5.2114, 5.8343, 1.8152,
        2.5368, 4.0288, 2.9898, 1.7167, 2.8254, 5.0877, 6.2490, 4.3068, 1.9460,
        4.4056, 4.6404, 1.0119, 4.0146, 7.1844], device='cuda:0')"
106,A,False,"tensor(0.7188, device='cuda:0')",0.1,"tensor(0.7188, device='cuda:0')","tensor([1.3478, 1.8857, 2.1476, 1.5545, 6.5893, 0.7349, 1.2990, 3.4201, 9.8915,
        4.7058, 1.1425, 6.6242, 3.2799, 0.6716, 2.0354, 2.5071, 3.9656, 4.7594,
        2.2876, 6.0645, 8.3006, 3.6195, 0.6912, 4.8648, 4.0572, 0.7491, 5.7557,
        1.7534, 3.4896, 2.3439, 1.0070, 1.0456], device='cuda:0')"
107,A,True,"tensor(0.8438, device='cuda:0')",<module 'augmentations' from '/home/dhananjay/Desktop/QuickDefence/augmentations.py'>,0.1,"tensor([5.2280e+00, 8.9395e+00, 4.5691e+00, 3.1961e+00, 1.0764e+00, 3.9098e-02,
        5.4165e+00, 8.1184e+00, 1.4312e-01, 6.6573e-01, 6.0764e+00, 1.2838e+00,
        5.4328e+00, 3.1046e+00, 2.4115e+00, 2.0787e+00, 3.9926e+00, 1.3027e-01,
        5.3595e+00, 3.2707e+00, 3.8476e-03, 1.6922e-02, 3.6219e+00, 4.6261e+00,
        9.2866e-01, 7.3533e+00, 1.5615e+00, 5.6135e+00, 5.1231e+00, 4.8788e+00,
        5.7309e+00, 4.1699e+00], device='cuda:0')"
108,A,False,"tensor(0.8125, device='cuda:0')",0.15,"tensor(0.8125, device='cuda:0')","tensor([8.0869e+00, 2.9418e+00, 9.7699e+00, 4.7227e-01, 1.3139e+00, 2.7176e+00,
        7.9048e-03, 3.7811e+00, 7.1810e-01, 9.0275e-01, 5.2430e+00, 2.1854e+00,
        3.6631e+00, 1.1956e+00, 7.3189e-01, 8.4863e-01, 7.6156e-01, 3.6714e-01,
        7.5930e-01, 3.1893e-01, 3.4079e+00, 4.4680e+00, 3.8959e+00, 1.2355e+00,
        8.6400e-01, 1.2296e+00, 3.0296e+00, 4.5480e+00, 1.0575e+00, 3.4506e+00,
        3.2353e+00, 6.4098e-01], device='cuda:0')"
109,A,True,"tensor(0.9375, device='cuda:0')",<module 'augmentations' from '/home/dhananjay/Desktop/QuickDefence/augmentations.py'>,0.15,"tensor([0.3028, 2.1976, 3.2594, 0.9202, 1.0685, 2.7285, 3.0791, 0.6872, 6.5789,
        2.9887, 1.1456, 4.7622, 4.9247, 6.7265, 3.9739, 4.9293, 4.0992, 3.7514,
        4.9822, 3.8409, 5.0233, 3.9657, 1.0770, 8.1709, 6.8809, 2.8301, 0.6042,
        1.1386, 2.3865, 4.9967, 0.8555, 3.4480], device='cuda:0')"
110,A,False,"tensor(0.7812, device='cuda:0')",0.2,"tensor(0.7812, device='cuda:0')","tensor([3.8543, 1.8786, 7.2795, 4.4279, 3.3701, 5.4986, 1.6660, 3.9855, 2.6205,
        2.2880, 0.5440, 1.6121, 3.7014, 6.0069, 2.8479, 3.2451, 2.6344, 4.6082,
        2.4921, 3.1724, 1.1612, 0.8832, 0.9226, 1.3934, 6.4890, 2.9978, 2.8716,
        1.0494, 1.7072, 0.5997, 0.0857, 1.7260], device='cuda:0')"
111,A,True,"tensor(0.9062, device='cuda:0')",<module 'augmentations' from '/home/dhananjay/Desktop/QuickDefence/augmentations.py'>,0.2,"tensor([1.6673, 3.9812, 2.1510, 1.0604, 0.1184, 0.6839, 4.0271, 2.7194, 0.1354,
        3.8212, 2.9690, 3.6248, 3.5082, 4.1275, 1.1549, 6.8781, 2.9960, 0.0489,
        6.1518, 2.7143, 2.3419, 8.3265, 7.6333, 8.2834, 0.4646, 1.1458, 0.9969,
        2.9966, 5.6338, 5.9525, 2.7619, 1.6239], device='cuda:0')"
112,A,False,"tensor(0.8125, device='cuda:0')",0.25,"tensor(0.8125, device='cuda:0')","tensor([2.8373, 0.1444, 2.6838, 2.9589, 0.0946, 0.7219, 2.8245, 1.8583, 6.9078,
        2.8731, 3.8836, 6.4668, 2.6408, 2.9522, 0.5860, 0.7149, 0.5698, 4.2030,
        7.3401, 4.4034, 1.9635, 0.6894, 3.0896, 3.7235, 2.5909, 4.1520, 0.1840,
        3.4028, 0.8570, 5.1505, 4.6911, 5.0635], device='cuda:0')"
113,A,True,"tensor(0.8125, device='cuda:0')",<module 'augmentations' from '/home/dhananjay/Desktop/QuickDefence/augmentations.py'>,0.25,"tensor([0.2165, 3.1432, 0.9614, 2.0214, 1.2397, 4.4951, 1.8033, 4.5972, 3.9310,
        5.6762, 4.1465, 0.9820, 6.7776, 0.0774, 4.2276, 4.6849, 4.0877, 3.2149,
        4.9920, 2.3669, 3.8396, 0.0441, 0.1003, 4.7372, 0.2354, 0.9968, 4.8538,
        2.8103, 0.7573, 2.6519, 0.1008, 0.7961], device='cuda:0')"
114,A,False,"tensor(0.7812, device='cuda:0')",0.3,"tensor(0.7812, device='cuda:0')","tensor([3.9109e+00, 9.3706e-01, 5.3735e+00, 5.3433e-01, 4.1455e-01, 1.1407e+00,
        2.2984e+00, 3.7018e+00, 2.8048e+00, 1.3869e+00, 2.6477e+00, 2.1878e-01,
        2.5142e+00, 9.7325e+00, 5.9975e+00, 3.3125e+00, 1.2614e-01, 5.1886e-01,
        5.2015e-01, 6.1401e-03, 4.2787e-02, 5.6192e-01, 1.7596e+00, 1.1826e+00,
        2.6476e+00, 3.6332e+00, 4.2440e+00, 5.5311e-01, 8.4197e-01, 1.4724e+00,
        1.1818e+00, 2.3330e+00], device='cuda:0')"
115,A,True,"tensor(0.9688, device='cuda:0')",<module 'augmentations' from '/home/dhananjay/Desktop/QuickDefence/augmentations.py'>,0.3,"tensor([1.2875, 0.2495, 2.8770, 3.5529, 4.6312, 3.7907, 1.4130, 3.1711, 0.9139,
        1.3414, 1.6630, 3.2024, 3.5055, 2.0426, 5.3835, 6.1603, 4.2827, 5.3079,
        2.3783, 1.3308, 3.8109, 4.5528, 1.5309, 3.2816, 0.1234, 1.1445, 2.5736,
        1.2495, 2.8535, 3.2900, 1.8107, 1.1215], device='cuda:0')"
116,A,False,"tensor(0.8750, device='cuda:0')",0.35,"tensor(0.8750, device='cuda:0')","tensor([3.3945, 3.2231, 2.6059, 0.1476, 3.2455, 0.8184, 0.0503, 3.2555, 0.0938,
        0.5054, 1.4470, 0.5421, 1.7410, 1.4120, 2.6962, 2.3532, 0.5997, 1.4420,
        1.3475, 2.5456, 0.0568, 3.5499, 2.1139, 1.1157, 0.7742, 2.3831, 0.9059,
        0.0300, 1.1042, 2.4436, 0.9238, 0.6324], device='cuda:0')"
117,A,True,"tensor(0.8750, device='cuda:0')",<module 'augmentations' from '/home/dhananjay/Desktop/QuickDefence/augmentations.py'>,0.35,"tensor([2.2348, 2.1679, 1.8468, 2.4924, 4.2770, 3.9115, 0.2900, 0.6925, 2.1486,
        2.7574, 2.9176, 6.5909, 3.1268, 0.5133, 0.1576, 2.0500, 3.8149, 4.8601,
        0.6378, 3.8519, 5.5173, 0.7117, 4.3093, 5.8873, 4.1360, 1.7628, 1.9086,
        3.1243, 1.8020, 4.1284, 1.2976, 0.8909], device='cuda:0')"
118,A,False,"tensor(0.8750, device='cuda:0')",0.4,"tensor(0.8750, device='cuda:0')","tensor([0.0661, 2.6770, 0.8606, 1.2113, 3.8771, 0.0626, 1.8687, 1.1711, 0.3570,
        1.6417, 0.1129, 1.9086, 1.9105, 1.8517, 3.9648, 1.7873, 1.7710, 2.0646,
        4.5740, 2.0892, 0.1100, 0.1343, 4.0640, 0.5030, 1.7010, 0.6162, 3.9839,
        1.7027, 1.7343, 2.1682, 0.2665, 1.4332], device='cuda:0')"
119,A,True,"tensor(0.8438, device='cuda:0')",<module 'augmentations' from '/home/dhananjay/Desktop/QuickDefence/augmentations.py'>,0.4,"tensor([3.1394, 2.0084, 1.0928, 2.8435, 1.8736, 3.5933, 2.3694, 1.9513, 2.8379,
        1.4906, 3.1747, 1.0212, 1.0175, 0.1341, 1.2313, 1.6048, 3.7839, 1.0256,
        0.0157, 0.1826, 3.0321, 3.1896, 0.3769, 1.4441, 4.3138, 3.0944, 0.1080,
        2.0418, 3.1906, 6.4271, 2.0368, 1.4437], device='cuda:0')"
120,A,False,"tensor(0.6250, device='cuda:0')",0.45,"tensor(0.6250, device='cuda:0')","tensor([1.3929, 0.6600, 0.9824, 1.6123, 1.6777, 0.5623, 0.1250, 1.5148, 2.2583,
        2.0948, 1.2511, 0.5436, 0.0247, 0.1435, 3.5463, 0.6087, 0.6816, 0.4835,
        7.9335, 2.4411, 0.0820, 1.4020, 0.7504, 4.8375, 0.9837, 4.7316, 0.7603,
        1.0408, 0.4238, 0.2849, 4.1146, 0.1240], device='cuda:0')"
121,A,True,"tensor(0.8750, device='cuda:0')",<module 'augmentations' from '/home/dhananjay/Desktop/QuickDefence/augmentations.py'>,0.45,"tensor([1.3154, 1.7518, 1.3967, 3.7509, 1.8389, 0.4781, 1.4854, 2.0712, 0.5767,
        2.3355, 3.0936, 1.8915, 2.0181, 1.5155, 0.5022, 1.6922, 0.1744, 0.4878,
        2.8363, 2.2791, 1.6204, 0.2922, 2.2758, 2.0754, 1.4182, 2.2505, 4.2537,
        1.4886, 1.4507, 2.2732, 1.1093, 4.0458], device='cuda:0')"
122,A,False,"tensor(0.7188, device='cuda:0')",0.5,"tensor(0.7188, device='cuda:0')","tensor([1.0507, 3.7855, 0.5999, 1.3415, 0.0452, 0.4595, 1.5802, 1.8246, 0.1818,
        0.0912, 1.6024, 0.7475, 2.1225, 0.6327, 0.4876, 0.4680, 0.7800, 0.4931,
        2.0728, 1.2105, 1.2132, 0.0888, 0.6703, 0.2600, 2.5187, 0.4578, 0.6520,
        1.0808, 1.0497, 0.8687, 0.1058, 0.2791], device='cuda:0')"
123,A,True,"tensor(0.8438, device='cuda:0')",<module 'augmentations' from '/home/dhananjay/Desktop/QuickDefence/augmentations.py'>,0.5,"tensor([0.8488, 0.6750, 0.8275, 0.0914, 3.8049, 1.5321, 0.5145, 0.3465, 0.7075,
        2.1807, 1.5601, 3.0986, 0.3464, 0.9713, 0.9011, 1.8873, 0.3019, 2.6089,
        3.1205, 0.2138, 0.2073, 0.3259, 1.2307, 1.2111, 3.2381, 2.2436, 1.0646,
        0.3474, 0.6103, 1.0394, 0.2325, 0.9256], device='cuda:0')"
